Name,Date,MA,EPS,BPS,SPS,PER,PBR,PSR,EV/EBITDA,Profit Growth,Revenue Growth,FYO growth,W/L
gs_01,2019-09-30 0:00,8723.177,6626.52,2.96,68429.1,181893.33,7.51,0.73,0.27,5.73,-7.17,-6.58,0
gs_02,2019-06-28 0:00,8991.996667,7553.82,2.8,66479.72,190022.24,7.77,0.79,0.28,6.1,6.54,2.24,1
gs_03,2019-03-29 0:00,8926.411667,7008.75,2.18,65269.53,191454.58,7.86,0.83,0.29,5.75,11.03,56.18,1
gs_04,2018-12-28 0:00,8529.765667,7008.75,2.17,65269.53,191454.58,7.88,0.83,0.29,5.7,11.03,56.18,1
gs_05,2018-09-28 0:00,7761.897,6008.07,2.01,63449.08,187779.2,9.98,0.93,0.32,6.58,16.4,52.38,0
gs_06,2018-06-29 0:00,8391.907333,4670.14,2.08,63369.49,175621.62,11.37,0.94,0.32,6.87,7.79,7.82,0
gs_07,2018-03-30 0:00,9534.585,5640.9,2.3,63165.87,172444.17,9.29,0.83,0.3,7.07,19.8,17.02,1
gs_08,2017-12-28 0:00,9480.621667,5640.9,2.19,63165.87,172444.17,9.74,0.87,0.32,7.26,19.8,17.02,0
gs_09,2017-09-29 0:00,9512.247,5363.76,2.23,61484.4,165063.66,10.08,0.89,0.33,7.39,13.8,-8.7,0
gs_10,2017-06-30 0:00,9631.997667,5531.93,1.93,59873.92,165009.32,10.55,1.06,0.39,7.53,15.82,25.54,1
gs_11,2017-03-31 0:00,9274.806667,3896.49,1.75,57806.16,161952.98,16.58,1.03,0.4,10.29,5.58,34.24,0
gs_12,2016-12-29 0:00,9697.762667,3896.49,1.98,57806.16,161952.98,14.71,0.92,0.35,9.94,5.58,34.24,1
gs_13,2016-09-30 0:00,9536.375667,3756.75,1.95,57053.4,163008.79,15.8,0.94,0.36,10.89,5.23,-23.89,1
gs_14,2016-06-30 0:00,9333.638667,3498.41,1.99,62051.86,157432.69,15.94,0.96,0.36,6.87,5.67,746.11,0
gs_15,2016-03-31 0:00,9982.505,1960.03,1.68,63922.06,159304.32,31.77,0.98,0.39,13.94,12.42,207.51,1
gs_16,2015-12-30 0:00,9554.530333,1960.03,1.81,63922.06,159304.32,29.51,0.91,0.36,13.38,12.42,207.51,0
gs_17,2015-09-30 0:00,10558.32367,763.33,1.72,56116.68,137555.64,51.96,0.98,0.39,15.61,16.95,437.23,1
gs_18,2015-06-30 0:00,9091.695333,-946.75,1.74,54818.47,134035.93,-165.2,0.98,0.4,28.52,5.35,-204.66,0
gs_19,2015-03-31 0:00,11071.72567,-303.39,2.19,56539.65,134395.21,-163.64,0.84,0.37,24.9,3.01,-49.31,1
gs_20,2014-12-30 0:00,11026.743,-303.39,2,56539.65,134395.21,-141.8,0.73,0.32,22.86,3.01,-49.31,0
gs_21,2014-09-30 0:00,11601.18667,666.34,1.76,56658.92,135724.27,74.4,0.82,0.37,19.06,10.48,855.43,0
gs_22,2014-06-30 0:00,13766.44533,-1011.01,1.76,59533.38,130784.6,203.63,0.87,0.37,24.57,11.64,-113.86,0
gs_23,2014-03-31 0:00,14003.41167,97.47,1.84,60487.65,133939.85,504.35,0.82,0.39,27.26,-1.34,-34.98,1
gs_24,2013-12-30 0:00,13433.74733,97.47,1.67,60487.65,133939.85,555.33,0.9,0.43,29.16,-1.34,-34.98,0
gs_25,2013-09-30 0:00,14651.99233,526.8,1.64,59715.88,134542.51,104.87,0.93,0.43,23.72,-9.89,-91.25,1
gs_26,2013-06-28 0:00,13051.656,3844.06,1.83,61165.89,132491.98,36.67,0.84,0.38,15.62,-5.31,-43.47,1
gs_27,2013-03-29 0:00,12261.957,4500.21,1.76,61411.32,134318.04,13.4,0.99,0.45,11.3,13.17,29.32,0
gs_28,2012-12-28 0:00,12846.53533,4500.21,1.68,61411.32,134318.04,14.05,1.04,0.47,11.7,13.17,29.32,0
gs_29,2012-09-28 0:00,13924.16433,4144.81,1.63,59985.79,130371.71,15.66,1.09,0.5,12.43,17.73,-44.88,0
gs_30,2012-06-29 0:00,14347.65067,7205.02,1.92,56861.4,111868.01,10.02,0.93,0.44,8.28,14.52,-6.46,0
gs_31,2012-03-30 0:00,15548.272,8041.11,1.61,54574.22,37704.37,8.52,1.15,0.82,2.69,13.67,9.02,1
gs_32,2011-12-29 0:00,14218.31433,8041.11,1.78,54574.22,37704.37,6.75,0.98,0.86,2.83,13.67,9.02,0
gs_33,2011-09-30 0:00,14556.122,8529.47,1.65,53808.46,37009.35,6.93,1.08,0.81,1.6,14.17,-1.38,0
gs_34,2011-06-30 0:00,16118.15333,7311.07,1.25,49821.69,59400.71,8.72,1.47,0.97,1.85,41.71,57.07,1
gs_35,2011-03-31 0:00,15519.313,6731.7,1.13,51413.12,58073.07,13.27,1.77,1.53,10.74,0.46,-8.04,1
gs_36,2010-12-30 0:00,12726.086,6731.7,1.38,51413.12,58073.07,10.84,1.44,1.25,8.85,0.46,-8.04,1
gs_37,2010-09-30 0:00,11140.297,6577.57,1.7,49484.85,58008.07,9.13,1.23,1.04,7.37,11.47,62.49,1
hhi_01,2019-09-30 0:00,8723.177,-711.91,1.84,143110.43,295641.95,-144.54,0.73,0.35,21.85,6.58,0.94,0
hhi_02,2019-06-28 0:00,8991.996667,-1373.98,1.87,145519.18,293616.39,-41.18,0.71,0.35,23.4,47.16,0.92,1
hhi_03,2019-03-29 0:00,8926.411667,-2093.97,0,151823.88,274592.27,-52.87,0.71,0.4,13.97,15.76,-53.24,1
hhi_04,2018-12-28 0:00,8529.765667,-2093.97,0,151823.88,274592.27,-55.2,0.74,0.42,14.42,15.76,-53.24,1
hhi_05,2018-09-28 0:00,7761.897,5128.57,0,198579.54,361288.97,33.21,0.81,0.47,8.61,10.82,-47.09,0
hhi_06,2018-06-29 0:00,8391.907333,33932.31,0,201152.43,210054.22,4.42,0.68,0.41,6.61,133.61,45.63,0
hhi_07,2018-03-30 0:00,9534.585,33893.52,0,217528.65,314634.5,3.8,0.9,1.18,63.06,-53.89,-55.96,1
hhi_08,2017-12-28 0:00,9480.621667,33893.52,0,217528.65,314634.5,2.48,0.7,0.27,7.03,-53.89,-55.96,0
hhi_09,2017-09-29 0:00,9512.247,32893.19,0,218992.87,355442.38,3.36,0.93,0.31,9.69,-49.72,-71.53,0
hhi_10,2017-06-30 0:00,9631.997667,6038.48,0,210747.52,453508.77,16.74,1.09,0.32,7.27,-5.81,275.31,1
hhi_11,2017-03-31 0:00,9274.806667,6279.58,0,214462.6,460857.14,23.74,0.78,0.32,10.4,-20.5,141.33,0
hhi_12,2016-12-29 0:00,9697.762667,6279.58,0,214462.6,460857.14,20.57,0.67,0.28,9.56,-20.5,141.33,1
hhi_13,2016-09-30 0:00,9536.375667,-3288.71,0,209205.12,487088.35,-37.92,0.67,0.26,22.35,-17.02,506.13,1
hhi_14,2016-06-30 0:00,9333.638667,-10034.06,0,148857.41,475147.8,-10.05,0.6,0.19,701.14,-19.6,-657.23,0
hhi_15,2016-03-31 0:00,9982.505,-7832.03,0.12,154779.48,492968.31,-10.45,0.6,0.17,745.97,-9.75,65.53,1
hhi_16,2015-12-30 0:00,9554.530333,-7832.03,0.14,154779.48,492968.31,-8.73,0.5,0.14,691.85,-9.75,65.53,0
hhi_17,2015-09-30 0:00,10558.32367,-16260.75,0.12,164708.54,505085.42,-4.93,0.55,0.16,-13.08,-5.26,89.55,1
hhi_18,2015-06-30 0:00,9091.695333,-20014.41,0.11,170654.6,522393.76,-4.43,0.6,0.17,-8.63,-5.33,123.87,0
hhi_19,2015-03-31 0:00,11071.72567,-21583.79,1.31,173885.05,530127.55,-4.47,0.64,0.18,-7.64,-4.08,-1870.09,1
hhi_20,2014-12-30 0:00,11026.743,-21583.79,1.38,173885.05,530127.55,-4.23,0.6,0.17,-7.45,-4.08,-1870.09,0
hhi_21,2014-09-30 0:00,11601.18667,-8000.75,1.08,190926.67,535418.3,-14.55,0.7,0.22,-50.26,-2.51,-668.82,0
hhi_22,2014-06-30 0:00,13766.44533,1264.37,0.87,202851.13,534577.36,-60.88,0.83,0.27,42.83,4.03,-398.81,0
hhi_23,2014-03-31 0:00,14003.41167,362.04,0.98,204814.97,528959.05,463.2,0.94,0.32,29.18,-2.04,-77.78,1
hhi_24,2013-12-30 0:00,13433.74733,362.04,0.81,204814.97,528959.05,557.47,1.13,0.38,33.02,-2.04,-77.78,0
hhi_25,2013-09-30 0:00,14651.99233,6357.15,0.81,198895.08,531651.94,31.67,1.16,0.38,16.06,-4.74,-40.57,1
hhi_26,2013-06-28 0:00,13051.656,9819.52,1.14,198097.56,541758.96,17.8,0.82,0.27,11.23,-2.91,-89.67,1
hhi_27,2013-03-29 0:00,12261.957,12349.39,1.56,202159.5,545884.95,12.98,0.91,0.29,8.41,-0.62,-35.29,0
hhi_28,2012-12-28 0:00,12846.53533,12349.39,1.38,202159.5,545884.95,14.64,1.03,0.33,9.09,-0.62,-35.29,0
hhi_29,2012-09-28 0:00,13924.16433,11152.29,1.32,198170.96,546694.51,17,1.1,0.35,9.39,1.07,-65.26,0
hhi_30,2012-06-29 0:00,14347.65067,23885.92,1.32,193037.54,535505.9,11.5,1.08,0.35,7.33,6.65,5.63,0
hhi_31,2012-03-30 0:00,15548.272,33734.65,1.81,193984.95,222150.28,6.95,1.39,0.12,12.51,32.16,38.85,1
hhi_32,2011-12-29 0:00,14218.31433,33734.65,2.26,193984.95,222150.28,5.58,1.11,0.1,11.46,32.16,38.85,0
hhi_33,2011-09-30 0:00,14556.122,37002.96,2.09,199881.19,207693.3,5.51,1.17,0.15,15.03,50.68,34.47,0
hhi_34,2011-06-30 0:00,16118.15333,36016.12,1.33,176555.35,251653.86,8.14,1.87,0.17,16.37,24.53,39.53,1
hhi_35,2011-03-31 0:00,15519.313,32729.59,0.62,159049,237454.98,11.32,2.67,1.56,8.57,13.09,47.83,1
hhi_36,2010-12-30 0:00,12726.086,32729.59,0.7,159049,237454.98,10,2.36,1.38,7.6,13.09,47.83,1
hhi_37,2010-09-30 0:00,11140.297,29580.36,0.92,142350.3,230305.86,8.36,2.01,1.07,5.79,3.09,50.76,1
hyundai_01,2019-09-30 0:00,8723.177,5373.97,2.05,140875.01,220419.45,15.4,0.6,0.38,8.05,6.13,16.56,0
hyundai_02,2019-06-28 0:00,8991.996667,4665.74,2.03,136580.81,212584.34,16.5,0.62,0.38,8.34,5.12,-6.01,1
hyundai_03,2019-03-29 0:00,8926.411667,5214.58,2.2,137447.43,209505.05,13.89,0.54,0.35,7.65,1.01,-34.26,1
hyundai_04,2018-12-28 0:00,8529.765667,5214.58,2.26,137447.43,209505.05,13.51,0.53,0.34,7.61,1.01,-34.26,1
hyundai_05,2018-09-28 0:00,7761.897,5444.26,2.01,137351.29,208695.41,14.53,0.59,0.38,8.16,4.15,-13.95,0
hyundai_06,2018-06-29 0:00,8391.907333,6848.96,2.15,135859.22,209162.56,13.42,0.56,0.36,7.67,-3.6,-38.17,0
hyundai_07,2018-03-30 0:00,9534.585,8013.05,2.14,136359.36,211124.64,9.98,0.6,0.38,6.92,7.97,-31.33,1
hyundai_08,2017-12-28 0:00,9480.621667,8013.05,2.01,136359.36,211124.64,10.67,0.64,0.41,7.23,7.97,-31.33,0
hyundai_09,2017-09-29 0:00,9512.247,9339.86,2.11,134923.97,207203.4,8.75,0.62,0.39,6.36,-4.03,-28.68,0
hyundai_10,2017-06-30 0:00,9631.997667,11119.13,1.93,132289.19,207643.28,8.28,0.7,0.43,6.08,0.78,-13.44,1
hyundai_11,2017-03-31 0:00,9274.806667,11781.2,1.98,127370.78,207221.78,7.38,0.7,0.42,5.64,-3.36,-15.08,0
hyundai_12,2016-12-29 0:00,9697.762667,11781.2,1.98,127370.78,207221.78,7.34,0.7,0.42,5.62,-3.36,-15.08,1
hyundai_13,2016-09-30 0:00,9536.375667,11386.23,1.97,126239,208935.86,7.67,0.71,0.42,5.97,8.72,6.42,1
hyundai_14,2016-06-30 0:00,9333.638667,11522.82,2.05,121748.73,204423.79,7.33,0.7,0.41,6.01,6.86,-16.16,0
hyundai_15,2016-03-31 0:00,9982.505,11762.47,1.53,120526.57,201661.75,7.79,0.78,0.46,6.23,8.64,-1.09,1
hyundai_16,2015-12-30 0:00,9554.530333,11762.47,1.55,120526.57,201661.75,7.69,0.77,0.45,6.17,8.64,-1.09,0
hyundai_17,2015-09-30 0:00,10558.32367,12297.27,1.48,116633.86,197890.07,7.65,0.82,0.49,5.92,-0.01,-11.21,1
hyundai_18,2015-06-30 0:00,9091.695333,13437.74,1.64,111528.82,196771.32,6.35,0.77,0.43,5.11,10.79,7.47,0
hyundai_19,2015-03-31 0:00,11071.72567,15424.97,0.99,109223.91,191006.91,6.3,0.91,0.51,5.08,2.52,-9.13,1
hyundai_20,2014-12-30 0:00,11026.743,15424.97,0.95,109223.91,191006.91,6.55,0.94,0.53,5.24,2.52,-9.13,0
hyundai_21,2014-09-30 0:00,11601.18667,17621.31,0.86,112825.84,199915.97,6.71,1.07,0.59,5.41,0.53,-8.23,0
hyundai_22,2014-06-30 0:00,13766.44533,17131.79,0.8,106564.65,199387.32,7.31,1.2,0.64,5.88,1.75,13.96,0
hyundai_23,2014-03-31 0:00,14003.41167,15577.18,0.74,98934.36,198535.59,8.4,1.34,0.67,6.3,3.81,0.93,1
hyundai_24,2013-12-30 0:00,13433.74733,15577.18,0.77,98934.36,198535.59,8.07,1.29,0.65,6.1,3.81,0.93,0
hyundai_25,2013-09-30 0:00,14651.99233,15250.86,0.74,95489.02,192766.73,8.48,1.38,0.67,6.32,4.89,-5.37,1
hyundai_26,2013-06-28 0:00,13051.656,16172.96,0.81,87911.77,187372.62,7.73,1.32,0.62,5.93,0.73,-17.74,1
hyundai_27,2013-03-29 0:00,12261.957,16110.8,0.74,85771.17,187235.15,7.43,1.42,0.64,5.65,8.4,-3.37,0
hyundai_28,2012-12-28 0:00,12846.53533,16110.8,0.74,85771.17,187235.15,7.42,1.41,0.64,5.65,8.4,-3.37,0
hyundai_29,2012-09-28 0:00,13924.16433,15294.33,0.66,81746.03,183924.24,8.75,1.66,0.73,6.56,9.85,12.63,0
hyundai_30,2012-06-29 0:00,14347.65067,14453.93,0.69,74232.56,174916.42,8.31,1.65,0.7,6.33,33.72,32.13,0
hyundai_31,2012-03-30 0:00,15548.272,13809.86,0.58,71863.04,415111.45,9.38,1.83,1,19.03,28.21,48.87,1
hyundai_32,2011-12-29 0:00,14218.31433,13809.86,0.62,71863.04,415111.45,8.76,1.71,0.94,17.94,28.21,48.87,0
hyundai_33,2011-09-30 0:00,14556.122,13647.7,0.6,69150.1,390218.09,9.23,1.84,0.92,15.52,21.01,32.41,0
hyundai_34,2011-06-30 0:00,16118.15333,11601.11,0.53,59648.7,97734.41,11.8,2.26,0.99,15.99,16.08,26.35,1
hyundai_35,2011-03-31 0:00,15519.313,10886.33,0.42,56350.58,94208.29,12.12,2.37,1.36,8.12,20.26,28.31,1
hyundai_36,2010-12-30 0:00,12726.086,10886.33,0.51,56350.58,94208.29,10.15,1.99,1.17,6.8,20.26,28.31,1
hyundai_37,2010-09-30 0:00,11140.297,10362.86,0.58,53135.29,90542.54,9.33,1.84,1.07,6.19,28.15,43.59,1
lg_01,2019-09-30 0:00,8723.177,3379.24,1.53,60598.45,125354.74,18.76,1.05,0.51,6.56,-0.47,-41.09,0
lg_02,2019-06-28 0:00,8991.996667,4255.04,1.37,59435.67,126333.66,17.85,1.18,0.56,6.76,-3.3,-30.25,1
lg_03,2019-03-29 0:00,8926.411667,4579.32,1.34,58975.67,127589.77,15.91,1.24,0.57,6.24,-0.03,-12.31,1
lg_04,2018-12-28 0:00,8529.765667,4579.32,1.5,58975.67,127589.77,14.13,1.1,0.51,5.67,-0.03,-12.31,1
lg_05,2018-09-28 0:00,7761.897,5196.26,1.37,58193.45,127598.85,13.66,1.22,0.56,5.77,-1.67,-29.72,0
lg_06,2018-06-29 0:00,8391.907333,7087.72,1.38,55041.19,128498.48,11.36,1.24,0.55,5.24,12.46,-5.45,0
lg_07,2018-03-30 0:00,9534.585,7189.6,1.12,54917.11,125530.62,10.85,1.42,0.63,5.29,14.2,60.53,1
lg_08,2017-12-28 0:00,9480.621667,7189.6,1.07,54917.11,125530.62,11.33,1.49,0.65,5.49,14.2,60.53,0
lg_09,2017-09-29 0:00,9512.247,6032.23,1.2,52702.58,121638.49,12.16,1.39,0.6,5.57,8.86,55.09,0
lg_10,2017-06-30 0:00,9631.997667,3487.84,1.24,49027.52,115496.15,14.17,1.4,0.59,5.84,4.29,62.96,1
lg_11,2017-03-31 0:00,9274.806667,2651.58,1.26,46404.44,113136.31,23.59,1.35,0.55,6.63,-5.08,-6.37,0
lg_12,2016-12-29 0:00,9697.762667,2651.58,1.41,46404.44,113136.31,21.08,1.21,0.49,6.06,-5.08,-6.37,1
lg_13,2016-09-30 0:00,9536.375667,2857.31,1.42,46419.53,114633.1,19.34,1.19,0.48,5.86,-1.33,0.58,1
lg_14,2016-06-30 0:00,9333.638667,2994.12,1.34,45596.69,115715.59,19.49,1.29,0.51,5.94,-0.37,-27.51,0
lg_15,2016-03-31 0:00,9982.505,3359.52,1.08,46138.61,115826.65,18.37,1.34,0.53,6.01,0.68,-0.23,1
lg_16,2015-12-30 0:00,9554.530333,3359.52,1.07,46138.61,115826.65,18.48,1.35,0.54,6.04,0.68,-0.23,0
lg_17,2015-09-30 0:00,10558.32367,3351.76,1.22,44814.19,115628.54,16.23,1.22,0.47,5.53,-3.44,15.89,1
lg_18,2015-06-30 0:00,9091.695333,2843.01,1.22,43446.92,116379.01,16.86,1.25,0.46,5.6,5.37,30.51,0
lg_19,2015-03-31 0:00,11071.72567,2726.79,1.11,42893.01,114747.28,20.29,1.3,0.49,6.09,1.66,15.97,1
lg_20,2014-12-30 0:00,11026.743,2726.79,0.96,42893.01,114747.28,18.46,1.18,0.44,5.66,1.66,15.97,0
lg_21,2014-09-30 0:00,11601.18667,2665.44,0.85,41874,114345.31,21.25,1.35,0.5,6.21,-1.14,-9.38,0
lg_22,2014-06-30 0:00,13766.44533,2668.47,0.86,41430.91,115821.72,22.16,1.36,0.49,6.24,-12.37,-17.57,0
lg_23,2014-03-31 0:00,14003.41167,2589.4,0.87,41276.8,119902.86,19.24,1.21,0.42,5.32,2.44,15.53,1
lg_24,2013-12-30 0:00,13433.74733,2589.4,0.8,41276.8,119902.86,20.73,1.3,0.45,5.64,2.44,15.53,0
lg_25,2013-09-30 0:00,14651.99233,2551.32,0.78,41020.52,118058.25,21.44,1.35,0.46,5.77,5.56,15.99,1
lg_26,2013-06-28 0:00,13051.656,2348.05,0.81,39520.49,111015.84,22.58,1.33,0.45,5.77,17.16,63.93,1
lg_27,2013-03-29 0:00,12261.957,2346.39,0.86,40485.64,105174.7,22.4,1.37,0.5,6.45,3.03,58.6,0
lg_28,2012-12-28 0:00,12846.53533,2346.39,0.82,40485.64,105174.7,23.35,1.43,0.52,6.67,3.03,58.6,0
lg_29,2012-09-28 0:00,13924.16433,1322.37,0.85,39716.49,104172.09,39.85,1.4,0.51,7.64,-0.05,25.02,0
lg_30,2012-06-29 0:00,14347.65067,1711.34,0.97,39017.52,104392.07,28.06,1.24,0.44,6.74,2.3,103.6,0
lg_31,2012-03-30 0:00,15548.272,1474.3,1.13,38824.47,96507.94,38.25,1.55,0.59,8.41,1.43,-25.48,1
lg_32,2011-12-29 0:00,14218.31433,1474.3,1.29,38824.47,96507.94,33.49,1.35,0.51,7.54,1.43,-25.48,0
lg_33,2011-09-30 0:00,14556.122,2635.99,1.34,38607.88,96171.46,18.07,1.31,0.5,6.44,4.69,-49.66,0
lg_34,2011-06-30 0:00,16118.15333,5336.99,1.02,37749.27,96361.86,15.76,1.75,0.66,7.58,24.92,-38.18,1
lg_35,2011-03-31 0:00,15519.313,6555.81,1.14,37628.87,148792.74,10.26,1.82,0.28,5.59,34.74,-25.2,1
lg_36,2010-12-30 0:00,12726.086,6555.81,1.13,37628.87,148792.74,10.36,1.83,0.26,5.2,34.74,-25.2,1
lg_37,2010-09-30 0:00,11140.297,7947.74,1.23,36890.6,138388.57,8.21,1.72,0.28,5.54,56.15,-39.52,1
lotte_01,2019-09-30 0:00,8723.177,9839.41,3.33,252229.53,356402.62,13.39,0.53,0.37,7.1,-1.29,-30.47,0
lotte_02,2019-06-28 0:00,8991.996667,10226.35,2.87,230070.27,360087.68,16.3,0.62,0.42,8.08,22.97,-82.89,1
lotte_03,2019-03-29 0:00,8926.411667,24122.62,2.29,232350.32,351623.72,6.99,0.69,0.48,5.86,53.84,22.14,1
lotte_04,2018-12-28 0:00,8529.765667,24122.62,2.27,232350.32,351623.72,7.1,0.7,0.49,5.93,53.84,22.14,1
lotte_05,2018-09-28 0:00,7761.897,17865.78,2.14,247064.86,308305.55,9.89,0.74,0.57,7.11,-0.32,9.04,0
lotte_06,2018-06-29 0:00,8391.907333,19801.87,1.97,238640.17,312725.92,10.46,0.86,0.64,7.07,11.39,0.82,0
lotte_07,2018-03-30 0:00,9534.585,12404.33,0.78,196344.06,339843.1,16.47,1.06,0.67,7.26,-35.92,-12.54,1
lotte_08,2017-12-28 0:00,9480.621667,12404.33,0.88,196344.06,339843.1,14.59,0.94,0.53,6.39,-35.92,-12.54,0
lotte_09,2017-09-29 0:00,9512.247,16921.75,0.87,234132.79,373869.44,10.8,0.79,0.49,6.89,2.37,-12.98,0
lotte_10,2017-06-30 0:00,9631.997667,14605.47,0.83,225562.3,362936.64,11.18,0.86,0.52,7.09,8.11,128.06,1
lotte_11,2017-03-31 0:00,9274.806667,8281.06,0.73,219144.62,356919.01,21.19,0.81,0.49,9.44,4.04,13.23,0
lotte_12,2016-12-29 0:00,9697.762667,8281.06,0.74,219144.62,356919.01,20.81,0.8,0.48,9.33,4.04,13.23,1
lotte_13,2016-09-30 0:00,9536.375667,6936.73,0.82,216989.76,354268.42,22.53,0.73,0.44,9.49,2.13,4.41,1
lotte_14,2016-06-30 0:00,9333.638667,7610.84,0.81,246014.78,432571.06,21.45,0.74,0.45,9.01,-4,65.09,0
lotte_15,2016-03-31 0:00,9982.505,9470.01,0.41,255510.58,445314.85,24.58,0.87,0.52,9.95,0.34,45.34,1
lotte_16,2015-12-30 0:00,9554.530333,9470.01,0.47,255510.58,445314.85,21.54,0.77,0.46,9.08,0.34,45.34,0
lotte_17,2015-09-30 0:00,10558.32367,10379.39,0.42,250450.24,453427.49,22.42,0.87,0.51,9.91,-1.5,86.52,1
lotte_18,2015-06-30 0:00,9091.695333,7013.98,0.44,263395.44,463127.43,28.65,0.87,0.49,10.71,-3.26,-43.17,0
lotte_19,2015-03-31 0:00,11071.72567,9626.73,0.44,272334.1,477273.41,19.57,0.71,0.39,8.97,-1.18,-13.25,1
lotte_20,2014-12-30 0:00,11026.743,9626.73,0.46,272334.1,477273.41,18.8,0.68,0.38,8.75,-1.18,-13.25,0
lotte_21,2014-09-30 0:00,11601.18667,10580.36,0.41,266394.68,478706.26,19.16,0.78,0.42,9.3,-1.42,-15.9,0
lotte_22,2014-06-30 0:00,13766.44533,12398.15,0.4,265826.12,482514.38,19.07,0.79,0.43,9.47,4.35,40.99,0
lotte_23,2014-03-31 0:00,14003.41167,14979.54,0.39,262118.65,487137.19,14.32,0.82,0.44,8.81,7.82,0.26,1
lotte_24,2013-12-30 0:00,13433.74733,14979.54,0.33,262118.65,487137.19,16.7,0.96,0.51,9.77,7.82,0.26,0
lotte_25,2013-09-30 0:00,14651.99233,14831.42,0.36,258340.27,487094.99,15.84,0.9,0.48,9.59,13.23,36.19,1
lotte_26,2013-06-28 0:00,13051.656,15521.91,0.41,248115.51,476835.77,15.17,0.8,0.44,9.17,10.94,-30.87,1
lotte_27,2013-03-29 0:00,12261.957,6602.68,0.48,113239.22,208828.85,16.67,1.01,0.55,8.97,4.86,-38.88,0
lotte_28,2012-12-28 0:00,12846.53533,6602.68,0.57,113239.22,208828.85,16.14,0.94,0.51,8.58,4.86,-38.88,0
lotte_29,2012-09-28 0:00,13924.16433,6731.01,0.56,111639.65,206347.72,14.89,0.9,0.49,8.18,4.61,-59.88,0
lotte_30,2012-06-29 0:00,14347.65067,9991.36,0.58,109181.07,202172.27,11.01,0.87,0.47,6.74,12.02,1496.04,0
lotte_31,2012-03-30 0:00,15548.272,11202.22,0.45,107957.61,39853.22,10.15,1.05,0.56,10.61,10.47,16.96,1
lotte_32,2011-12-29 0:00,14218.31433,11202.22,0.47,107957.61,39853.22,9.62,1,0.54,10.47,10.47,16.96,0
lotte_33,2011-09-30 0:00,14556.122,11172.81,0.46,106554.93,38928.88,9.98,1.05,0.51,9.61,4.93,12.27,0
lotte_34,2011-06-30 0:00,16118.15333,9481.49,0.36,104342.1,121564.31,13.81,1.4,0.59,10.55,15.41,61.81,1
lotte_35,2011-03-31 0:00,15519.313,8107,0.34,102099.5,117164.76,17.29,1.38,1.2,10.53,14.52,8.22,1
lotte_36,2010-12-30 0:00,12726.086,8107,0.39,102099.5,117164.76,15.09,1.2,1.04,9.27,14.52,8.22,1
lotte_37,2010-09-30 0:00,11140.297,7933.01,0.43,99785.94,113321.61,14.05,1.12,0.98,8.76,15.54,3.88,1
posco_01,2019-09-30 0:00,8723.177,7792.48,3.51,208973.16,390195.98,13.77,0.53,0.28,4.96,2.19,-10.46,0
posco_02,2019-06-28 0:00,8991.996667,8142.66,3.25,203104.84,387466.63,16.55,0.58,0.3,5.44,7.38,10.79,1
posco_03,2019-03-29 0:00,8926.411667,14270.13,2.54,208775.79,380685.69,8.44,0.59,0.32,4.77,11.56,30.16,1
posco_04,2018-12-28 0:00,8529.765667,14270.13,2.61,208775.79,380685.69,8.22,0.58,0.31,4.69,11.56,30.16,1
posco_05,2018-09-28 0:00,7761.897,13626.56,2.17,205287.23,370473.8,10.38,0.71,0.38,5.59,5.82,28.56,0
posco_06,2018-06-29 0:00,8391.907333,13065.55,2.1,204094.28,360188.53,10.79,0.73,0.4,5.64,6.93,112.5,0
posco_07,2018-03-30 0:00,9534.585,11160.06,2.05,204185.18,357764.29,13.37,0.74,0.42,6.98,23.35,10.49,1
posco_08,2017-12-28 0:00,9480.621667,11160.06,2.08,204185.18,357764.29,13.23,0.73,0.41,6.94,23.35,10.49,0
posco_09,2017-09-29 0:00,9512.247,9909.86,2.21,201105.77,344230,14.17,0.7,0.41,7.37,25.34,38.99,0
posco_10,2017-06-30 0:00,9631.997667,6840.87,2.42,204806.92,312582.44,14.16,0.65,0.39,7.27,10.6,36.73,1
posco_11,2017-03-31 0:00,9274.806667,7032.25,2.34,201405.62,304012.24,18.72,0.67,0.43,8.18,-8.75,46.96,0
posco_12,2016-12-29 0:00,9697.762667,7032.25,2.61,201405.62,304012.24,16.78,0.6,0.39,7.64,-8.75,46.96,1
posco_13,2016-09-30 0:00,9536.375667,1898.81,2.93,200485.11,311158.4,55.29,0.54,0.34,10.24,-15.82,2.35,1
posco_14,2016-06-30 0:00,9333.638667,-60.91,3.22,183663.25,317093.17,65.57,0.5,0.29,9.7,-17.67,-51.47,0
posco_15,2016-03-31 0:00,9982.505,-1944.68,3.07,183285.52,336350.55,-840.35,0.52,0.28,9.99,-14.43,-21.33,1
posco_16,2015-12-30 0:00,9554.530333,-1944.68,3.88,183285.52,336350.55,-38.14,0.41,0.22,9.86,-14.43,-21.33,0
posco_17,2015-09-30 0:00,10558.32367,1684.07,3.71,185458.96,352887.46,46.17,0.42,0.22,8.69,-9.44,-21.33,1
posco_18,2015-06-30 0:00,9091.695333,2196.62,2.9,186231.1,373318.93,30.33,0.54,0.28,8.51,0.84,-1.68,0
posco_19,2015-03-31 0:00,11071.72567,4784.91,2.61,193620.78,379926.48,23.48,0.6,0.3,9.36,9.67,41.89,1
posco_20,2014-12-30 0:00,11026.743,4784.91,2.3,193620.78,379926.48,25.9,0.66,0.33,9.84,9.67,41.89,0
posco_21,2014-09-30 0:00,11601.18667,6192.96,1.93,193553.48,372521.77,23.88,0.78,0.41,10.49,11.1,-1.88,0
posco_22,2014-06-30 0:00,13766.44533,6237.21,2.05,196520.35,352182.92,26.35,0.74,0.39,10.94,11.28,19.72,0
posco_23,2014-03-31 0:00,14003.41167,7462.78,2.02,196397.76,342951.01,18.66,0.73,0.41,10.11,-3.98,-35.53,1
posco_24,2013-12-30 0:00,13433.74733,7462.78,1.87,196397.76,342951.01,20.19,0.79,0.44,10.6,-3.98,-35.53,0
posco_25,2013-09-30 0:00,14651.99233,8741.67,1.89,194934.88,346912.05,17.08,0.8,0.43,9.96,-6.7,-29.96,1
posco_26,2013-06-28 0:00,13051.656,11777.21,2.04,188591.53,368367.54,13.74,0.77,0.39,8.64,-19.92,-34.77,1
posco_27,2013-03-29 0:00,12261.957,14059.21,2.26,187668.69,394935.64,11.07,0.84,0.39,7.57,-6.76,-22.67,0
posco_28,2012-12-28 0:00,12846.53533,14059.21,2.12,187668.69,394935.64,11.79,0.89,0.42,7.87,-6.76,-22.67,0
posco_29,2012-09-28 0:00,13924.16433,11515.21,2.03,185473.9,406663.38,15.24,0.94,0.43,10.08,-3.58,-27.48,0
posco_30,2012-06-29 0:00,14347.65067,17374.77,2.14,191636.48,411907.24,10.94,0.9,0.41,8.38,14.93,-48.78,0
posco_31,2012-03-30 0:00,15548.272,15574.06,2.01,188243.29,120413.03,11.41,0.98,0.72,19.16,17.52,-68.52,1
posco_32,2011-12-29 0:00,14218.31433,15574.06,2.04,188243.29,120413.03,11.26,0.97,0.76,20.16,17.52,-68.52,0
posco_33,2011-09-30 0:00,14556.122,18846.97,2.09,188784.11,117557.61,9.1,0.94,0.72,13.95,29.63,73.03,0
posco_34,2011-06-30 0:00,16118.15333,19894.41,1.69,176855.52,233957.53,11.78,1.19,0.78,19.06,24.52,-56.57,1
posco_35,2011-03-31 0:00,15519.313,42509.31,1.24,316329.3,284795.05,9.98,1.4,1.04,6.6,26.84,14.71,1
posco_36,2010-12-30 0:00,12726.086,42509.31,1.27,316329.3,284795.05,9.69,1.36,1.01,6.43,26.84,14.71,1
posco_37,2010-09-30 0:00,11140.297,43825.34,1.29,308490.44,271359.68,9.4,1.43,1.52,5.93,27.37,1060.61,1
samsung_01,2019-09-30 0:00,8723.177,26251.34,2.5,266674.8,263649.77,11.97,1.22,1.19,4.39,-1.56,-52.78,0
samsung_02,2019-06-28 0:00,8991.996667,37342.83,2.51,252702.6,281682.76,10.08,1.25,1.18,3.83,-5.3,-20.68,1
samsung_03,2019-03-29 0:00,8926.411667,40091.42,1.7,249453.19,294628.95,8.18,1.26,1.11,3.36,4.95,21.69,1
samsung_04,2018-12-28 0:00,8529.765667,40091.42,1.87,249453.19,294628.95,7.41,1.14,1.01,3,4.95,21.69,1
samsung_05,2018-09-28 0:00,7761.897,39684.36,1.49,240917.53,300351.33,9.74,1.49,1.29,4.3,1.77,14.45,0
samsung_06,2018-06-29 0:00,8391.907333,36458.54,1.54,263708.5,299208.13,9.66,1.5,1.25,4.21,15.14,63.82,0
samsung_07,2018-03-30 0:00,9534.585,36018.18,0.95,274009.66,317042.83,11.66,1.63,1.32,5.17,17.74,145.93,1
samsung_08,2017-12-28 0:00,9480.621667,36018.18,0.95,274009.66,317042.83,11.86,1.63,1.35,5.26,17.74,145.93,0
samsung_09,2017-09-29 0:00,9512.247,30876.2,0.95,263270.47,311514.78,14.15,1.69,1.4,6.13,11.52,73.43,0
samsung_10,2017-06-30 0:00,9631.997667,26620.59,1,250774.7,333153.37,15.62,1.71,1.38,6.35,4.51,51.24,1
samsung_11,2017-03-31 0:00,9274.806667,23295.59,0.93,273918.83,340294.59,18.88,1.59,1.29,6.72,1.24,-5.2,0
samsung_12,2016-12-29 0:00,9697.762667,23295.59,1.04,273918.83,340294.59,16.93,1.43,1.15,5.77,1.24,-5.2,1
samsung_13,2016-09-30 0:00,9536.375667,26164.07,1.14,271601.4,345997.76,14.38,1.34,1.08,4.96,12.42,35.21,1
samsung_14,2016-06-30 0:00,9333.638667,23509.18,1.25,293860.42,330244.68,14.52,1.26,1.01,4.73,3.48,-5.75,0
samsung_15,2016-03-31 0:00,9982.505,28039.24,1.19,306786.03,340805.48,12.69,1.24,1.04,4.54,8.86,30.32,1
samsung_16,2015-12-30 0:00,9554.530333,28039.24,1.19,306786.03,340805.48,12.74,1.25,1.05,4.59,8.86,30.32,0
samsung_17,2015-09-30 0:00,10558.32367,20234.78,1.27,243221.03,296516.03,13.51,1.26,1.01,4.8,-7.28,-26.66,1
samsung_18,2015-06-30 0:00,9091.695333,24818.89,1.18,234823.85,306676.53,13.33,1.31,0.99,5.3,-4.64,-23.2,0
samsung_19,2015-03-31 0:00,11071.72567,26296.89,0.84,225796.39,314180.45,12.46,1.49,1.03,5.26,-12.8,-50.14,1
samsung_20,2014-12-30 0:00,11026.743,26296.89,0.87,225796.39,314180.45,11.38,1.36,0.94,4.46,-12.8,-50.14,0
samsung_21,2014-09-30 0:00,11601.18667,29688.12,0.99,222517.1,326661.77,8.98,1.26,0.82,3.62,-6.23,-17.26,0
samsung_22,2014-06-30 0:00,13766.44533,29384.65,0.93,204285.8,322093.26,9.38,1.39,0.86,3.95,1.95,-17.15,0
samsung_23,2014-03-31 0:00,14003.41167,29569.74,0.77,199962.92,320255.51,9.36,1.46,0.86,4.19,3.65,10.75,1
samsung_24,2013-12-30 0:00,13433.74733,29569.74,0.75,199962.92,320255.51,9.56,1.49,0.88,4.26,3.65,10.75,0
samsung_25,2013-09-30 0:00,14651.99233,29755.75,0.74,193579.26,316919.64,9.49,1.54,0.89,4.35,14.81,30.13,1
samsung_26,2013-06-28 0:00,13051.656,26899.35,0.8,180991.08,294895.96,9.79,1.53,0.89,4.41,16.44,77.39,1
samsung_27,2013-03-29 0:00,12261.957,24571.35,0.62,180458.08,283927.55,12.25,1.81,1.06,5.77,22.52,77.43,0
samsung_28,2012-12-28 0:00,12846.53533,24571.35,0.62,180458.08,283927.55,12.17,1.8,1.06,5.78,22.52,77.43,0
samsung_29,2012-09-28 0:00,13924.16433,20609.75,0.67,170374.15,270208.75,13.57,1.77,1.04,6.16,17.61,51.44,0
samsung_30,2012-06-29 0:00,14347.65067,16993.97,0.74,151283.35,232577.63,13.5,1.67,0.99,6.01,14.32,61.99,0
samsung_31,2012-03-30 0:00,15548.272,16975.7,0.95,143533.29,450087.49,15.72,1.95,1.29,7.21,2.62,-15.84,1
samsung_32,2011-12-29 0:00,14218.31433,16975.7,1.12,143533.29,450087.49,13.31,1.65,1.07,5.97,2.62,-15.84,0
samsung_33,2011-09-30 0:00,14556.122,18315.56,1.28,140021.22,447147.87,10.76,1.48,0.87,4.71,3.47,-22.42,0
samsung_34,2011-06-30 0:00,16118.15333,20279.69,1.08,136079.22,227280.85,11.17,1.66,0.88,4.62,11.14,172.92,1
samsung_35,2011-03-31 0:00,15519.313,18950.54,0.87,128454.29,109128.99,12.17,1.89,1.03,12.37,5.98,22.42,1
samsung_36,2010-12-30 0:00,12726.086,18950.54,0.85,128454.29,109128.99,12.46,1.94,1.04,12.58,5.98,22.42,1
samsung_37,2010-09-30 0:00,11140.297,18165.57,0.99,121187.43,107608.98,11.11,1.76,0.92,11.04,10.54,6.3,1
sk_01,2019-09-30 0:00,8723.177,14015.45,2.45,113990.86,225848.65,7.84,1.02,0.49,4.01,-8.3,-66.33,0
sk_02,2019-06-28 0:00,8991.996667,21624.28,2.6,112134.85,232369.72,5.49,0.98,0.45,3.16,12.29,-33.49,1
sk_03,2019-03-29 0:00,8926.411667,21202.96,2.11,104002.97,222550.69,5.13,1.1,0.5,2.96,21.82,31.21,1
sk_04,2018-12-28 0:00,8529.765667,21204.64,2.31,104011.69,222568.39,4.67,1.01,0.45,2.76,21.82,31.21,1
sk_05,2018-09-28 0:00,7761.897,19934.19,2,97979.53,213674.68,5.79,1.21,0.54,3.23,15.36,66.92,0
sk_06,2018-06-29 0:00,8391.907333,16707.38,1.98,87711.64,202540.35,6.65,1.31,0.57,3.4,35.57,76.42,0
sk_07,2018-03-30 0:00,9534.585,14022.01,1.62,84368.23,195242.15,8.3,1.42,0.62,3.92,15.21,156.33,1
sk_08,2017-12-28 0:00,9480.621667,14023.12,1.62,84375.13,195257.66,8.3,1.42,0.6,3.92,15.21,156.33,0
sk_09,2017-09-29 0:00,9512.247,10725.06,1.59,79429.04,188786.29,11.09,1.54,0.63,4.67,10.62,34.14,0
sk_10,2017-06-30 0:00,9631.997667,6848.09,1.79,74521.67,176948.4,12.31,1.45,0.58,4.67,1.38,52.01,1
sk_11,2017-03-31 0:00,9274.806667,5912.05,1.82,71486.67,176484.2,15.53,1.32,0.52,4.92,2,-8.06,0
sk_12,2016-12-29 0:00,9697.762667,5912.05,2.01,71486.67,176484.2,14.04,1.19,0.47,4.6,2,-8.06,1
sk_13,2016-09-30 0:00,9536.375667,10805.08,2.1,70895.82,175812.49,7.37,1.15,0.45,3.82,55.43,28.04,1
sk_14,2016-06-30 0:00,9333.638667,11487.84,2.37,68827.11,144113,6.18,1.04,0.44,3.73,39.59,37.43,0
sk_15,2016-03-31 0:00,9982.505,11727.98,1.38,69219.12,131291.25,5.97,1.05,0.53,4.49,29.53,33.41,1
sk_16,2015-12-30 0:00,9554.530333,11727.98,1.38,69219.12,131291.25,5.95,1.04,0.53,4.47,29.53,33.41,0
sk_17,2015-09-30 0:00,10558.32367,7039.94,1.32,57178.76,121928.89,10.41,1.29,0.6,5.3,-12.84,63.61,1
sk_18,2015-06-30 0:00,9091.695333,3660.17,1.24,48712.74,180921.83,14.48,1.33,0.38,5.56,2.3,3.82,0
sk_19,2015-03-31 0:00,11071.72567,3602,2.16,48623.48,180910.41,18.19,1.35,0.36,6.65,-0.8,-8.95,1
sk_20,2014-12-30 0:00,11026.743,3602,1.3,48623.48,180910.41,17.89,1.33,0.36,6.58,-0.8,-8.95,0
sk_21,2014-09-30 0:00,11601.18667,3744.84,1.24,47053.51,181917.21,18.05,1.45,0.37,6.76,-2.74,-23.34,0
sk_22,2014-06-30 0:00,13766.44533,3758.39,1.32,46593.44,184656.37,15.47,1.39,0.35,6.19,-6.81,1.79,0
sk_23,2014-03-31 0:00,14003.41167,4595.28,1.52,46411.76,188510.77,12.38,1.22,0.3,5.08,-6.46,17.13,1
sk_24,2013-12-30 0:00,13433.74733,4595.28,1.48,46411.76,188510.77,12.69,1.26,0.31,5.17,-6.46,17.13,0
sk_25,2013-09-30 0:00,14651.99233,3924.65,1.61,45625,192032.16,13.7,1.19,0.28,5.21,-5.82,168.05,1
sk_26,2013-06-28 0:00,13051.656,2806.56,1.69,43156.82,196737.35,21.1,1.19,0.26,5.65,1.96,-10.11,1
sk_27,2013-03-29 0:00,12261.957,2146.19,1.61,42943,199655.06,24.18,1.19,0.26,5.78,6.23,-10.25,0
sk_28,2012-12-28 0:00,12846.53533,2146.19,1.66,42943,199655.06,23.55,1.16,0.25,5.68,6.23,-10.25,0
sk_29,2012-09-28 0:00,13924.16433,3276.29,1.75,42432.63,200044.45,14.87,1.11,0.24,4.61,7.35,-59.41,0
sk_30,2012-06-29 0:00,14347.65067,10429.02,1.93,69785.39,353861.66,9.56,1,0.23,3.74,8.29,60.29,0
sk_31,2012-03-30 0:00,15548.272,10695.09,2.23,68789.9,114630.95,6.53,1.02,0.42,9.46,15.55,24.78,1
sk_32,2011-12-29 0:00,14218.31433,10695.09,2.4,68789.9,114630.95,6.07,0.95,0.4,9.08,15.55,24.78,0
sk_33,2011-09-30 0:00,14556.122,7932.23,2.24,64119.48,111168.07,8.81,1.09,0.41,8.19,14.46,2.09,0
sk_34,2011-06-30 0:00,16118.15333,6050.78,1.88,57476.29,135655.58,10.75,1.32,0.54,7.51,16.25,284.22,1
sk_35,2011-03-31 0:00,15519.313,4719.74,1.9,57416.02,130684.69,16.7,1.4,0.6,8.57,9.81,40.3,1
sk_36,2010-12-30 0:00,12726.086,4719.74,1.98,57416.02,130684.69,16.07,1.35,0.58,8.3,9.81,40.3,1
sk_37,2010-09-30 0:00,11140.297,4267.69,2.21,55807.88,128028.48,15.89,1.24,0.53,8.08,15.76,46.56,1
